{
  "COVID-19": {
    "precision": 0.7255639097744361,
    "recall": 0.8832951945080092,
    "f1-score": 0.7966976264189888,
    "support": 437
  },
  "Non-COVID": {
    "precision": 0.7272727272727273,
    "recall": 0.4748858447488584,
    "f1-score": 0.574585635359116,
    "support": 219
  },
  "Normal": {
    "precision": 0.7487437185929648,
    "recall": 0.6834862385321101,
    "f1-score": 0.7146282973621104,
    "support": 218
  },
  "accuracy": 0.7311212814645309,
  "macro avg": {
    "precision": 0.7338601185467094,
    "recall": 0.6805557592629926,
    "f1-score": 0.6953038530467385,
    "support": 874
  },
  "weighted avg": {
    "precision": 0.7317737831778285,
    "recall": 0.7311212814645309,
    "f1-score": 0.72057218045044,
    "support": 874
  }
}