{
  "COVID-19": {
    "precision": 0.8092369477911646,
    "recall": 0.9221967963386728,
    "f1-score": 0.8620320855614974,
    "support": 437
  },
  "Non-COVID": {
    "precision": 0.7894736842105263,
    "recall": 0.6164383561643836,
    "f1-score": 0.6923076923076923,
    "support": 219
  },
  "Normal": {
    "precision": 0.8390243902439024,
    "recall": 0.7889908256880734,
    "f1-score": 0.8132387706855791,
    "support": 218
  },
  "accuracy": 0.8123569794050344,
  "macro avg": {
    "precision": 0.8125783407485311,
    "recall": 0.7758753260637099,
    "f1-score": 0.7891928495182562,
    "support": 874
  },
  "weighted avg": {
    "precision": 0.811714645423358,
    "recall": 0.8123569794050344,
    "f1-score": 0.8073334759899489,
    "support": 874
  }
}