{
  "COVID-19": {
    "precision": 0.6752827140549273,
    "recall": 0.9565217391304348,
    "f1-score": 0.7916666666666667,
    "support": 437
  },
  "Non-COVID": {
    "precision": 0.8505747126436781,
    "recall": 0.3378995433789954,
    "f1-score": 0.48366013071895425,
    "support": 219
  },
  "Normal": {
    "precision": 0.8154761904761905,
    "recall": 0.6284403669724771,
    "f1-score": 0.7098445595854923,
    "support": 218
  },
  "accuracy": 0.7196796338672768,
  "macro avg": {
    "precision": 0.7804445390582654,
    "recall": 0.6409538831606358,
    "f1-score": 0.6617237856570378,
    "support": 874
  },
  "weighted avg": {
    "precision": 0.7541741620535221,
    "recall": 0.7196796338672768,
    "f1-score": 0.6940801097830912,
    "support": 874
  }
}