Family,Model,Accuracy,Macro F1,Weighted F1
Deep Learning (CNN/ViT),HF ViT Pretrained,0.9164759725400458,0.9017044557649128,0.9162956987244733
Deep Learning (CNN/ViT),DenseNet121 + LoRA,0.8203661327231121,0.8002662973759777,0.8187246420417419
Klasik (HOG + ML),SVM (RBF),0.8123569794050344,0.7891928495182562,
Deep Learning (CNN/ViT),"Custom CNN (+Aug, LoRA Head)",0.8135011441647597,0.7824864621930637,0.8093139117935882
Klasik (HOG + ML),k-NN (k=5),0.7311212814645309,0.6953038530467385,
Deep Learning (CNN/ViT),ViT (Keras),0.6853546910755148,0.6645296395976854,0.6875887216490802
Klasik (HOG + ML),Random Forest,0.7196796338672768,0.6617237856570378,
Deep Learning (CNN/ViT),"Custom CNN (No Aug, LoRA Head)",0.717391304347826,0.6585859504376772,0.7023962571778959
